date,solar_inference_hours,general_sartor_hours,total_active_hours,session_count,first_msg_local,last_msg_local
2026-01-09,0.00,0.22,0.22,15,10:10:04,23:15:46
2026-01-10,0.00,1.50,1.50,29,00:11:41,01:46:56
2026-01-11,0.00,0.40,0.40,4,14:04:25,14:39:53
2026-01-14,0.00,0.00,0.00,3,22:24:30,22:24:36
2026-01-15,0.00,0.09,0.09,2,15:58:09,23:12:54
2026-01-18,0.00,0.50,0.50,12,18:26:15,21:59:26
2026-01-19,0.00,0.15,0.15,6,10:11:23,10:23:13
2026-01-20,0.00,0.38,0.38,10,10:44:23,17:09:47
2026-01-23,0.00,0.01,0.01,2,11:09:49,11:10:32
2026-01-25,0.00,0.16,0.16,8,15:22:14,15:31:38
2026-01-28,0.00,0.00,0.00,1,23:07:23,23:07:25
2026-02-02,0.00,0.00,0.00,6,00:19:32,00:33:41
2026-02-05,0.00,0.15,0.15,6,16:02:36,22:43:04
2026-02-06,0.00,2.30,2.30,63,09:30:57,18:53:30
2026-02-07,0.00,2.78,2.78,84,08:57:54,23:59:23
2026-02-08,0.00,2.31,2.31,68,00:00:18,23:20:43
2026-02-09,0.00,0.66,0.66,12,23:02:01,23:51:04
2026-02-10,0.00,0.03,0.03,1,10:26:48,10:28:35
2026-02-11,0.00,0.09,0.09,4,17:25:37,20:05:52
2026-02-17,0.00,0.08,0.08,3,23:55:11,23:59:59
2026-02-18,0.00,0.88,0.88,29,00:00:21,16:14:09
2026-02-20,0.00,0.38,0.38,19,22:20:00,23:04:05
2026-02-21,0.09,0.00,0.09,13,23:42:49,23:56:09
2026-02-22,0.34,0.04,0.37,13,00:10:35,23:41:56
2026-02-23,0.00,0.00,0.00,2,11:18:20,20:05:11
2026-02-24,0.00,0.03,0.03,2,17:57:28,18:00:00
2026-02-27,0.00,0.32,0.32,7,13:23:48,16:05:02
2026-02-28,0.03,0.00,0.03,1,00:37:45,00:39:36
2026-03-03,0.00,0.25,0.25,3,15:33:01,17:24:30
2026-03-04,0.00,0.16,0.16,3,14:17:16,14:27:04
2026-03-05,0.00,1.13,1.13,39,18:25:13,23:36:41
2026-03-06,0.00,1.36,1.36,22,22:38:35,23:56:18
2026-03-07,0.00,1.61,1.61,35,00:00:29,23:44:31
2026-03-08,0.00,1.17,1.17,16,22:01:35,23:11:40
2026-03-09,0.00,0.27,0.27,5,10:21:15,12:49:43
2026-03-10,0.00,0.39,0.39,8,08:35:54,12:44:25
2026-04-06,0.49,0.49,0.49,3,20:58:31,21:27:59
2026-04-07,1.30,0.96,1.30,4,08:26:07,11:00:36
2026-04-08,0.33,0.06,0.33,4,22:11:32,22:31:30
2026-04-09,1.39,0.10,1.39,5,18:41:39,22:44:01
2026-04-10,3.02,2.47,5.45,47,10:07:37,23:59:49
2026-04-11,5.88,4.75,7.87,248,00:00:08,23:59:58
2026-04-12,4.08,4.80,8.81,91,00:00:01,23:40:41
2026-04-13,0.32,0.11,0.32,6,07:09:29,23:30:01
2026-04-14,0.04,0.00,0.04,1,07:50:01,17:43:02
2026-04-15,0.00,0.02,0.02,1,07:55:48,23:30:01
2026-04-16,0.11,6.40,6.40,31,07:01:04,23:58:09
2026-04-17,0.00,4.05,4.05,4,00:05:35,23:30:01
2026-04-18,1.74,1.10,2.84,27,07:07:58,23:59:11
2026-04-19,1.76,0.13,1.89,8,00:00:01,23:30:01
2026-04-20,0.02,0.01,0.03,1,17:17:04,23:30:01
2026-04-21,0.44,0.00,0.44,1,21:28:55,23:30:01
2026-04-22,2.34,0.16,2.50,19,09:51:35,23:57:02
2026-04-23,1.60,0.03,1.63,1,07:42:55,23:30:01
2026-04-24,5.37,2.52,6.88,52,06:20:36,23:45:53
2026-04-25,5.49,1.71,5.57,46,00:05:00,23:59:07
2026-04-26,0.54,1.90,1.90,7,00:00:50,23:35:33
2026-04-27,0.09,0.16,0.16,3,00:07:00,23:30:01
2026-04-28,0.10,1.26,1.35,5,21:52:01,23:49:43
2026-04-29,1.25,0.00,1.25,3,00:48:00,23:30:02
2026-04-30,0.06,0.32,0.32,2,08:49:58,23:30:03
2026-05-01,0.25,7.34,7.59,29,15:01:22,23:59:31
2026-05-02,3.84,9.15,9.32,155,00:00:26,23:30:01
2026-05-03,2.75,5.20,5.86,43,07:44:11,23:38:35
2026-05-04,3.29,1.15,3.41,8,06:56:28,23:42:00
2026-05-05,1.34,0.01,1.35,82,00:09:54,23:30:02
2026-05-06,3.06,1.09,3.56,20,08:15:15,23:30:01
2026-05-07,0.00,0.00,0.00,0,23:30:01,23:30:01
2026-05-08,5.06,3.08,6.91,98,10:04:15,23:55:02
